{
	"tags": null,
	"position": [
		0.8808125257492065,
		1.6241602897644043,
		0.8608386516571045
	],
	"rotation": [
		0,
		0,
		0
	],
	"rotationQuaternion": [
		-0.5,
		-0.5,
		-0.5,
		0.5
	],
	"scaling": [
		0.08840948343276978,
		0.8572160601615906,
		0.36777403950691223
	],
	"billboardMode": 0,
	"scalingDeterminant": 1,
	"infiniteDistance": false,
	"ignoreNonUniformScaling": false,
	"reIntegrateRotationIntoRotationQuaternion": false,
	"name": "Object_5",
	"id": "c89d8ce4-eb5e-486e-bfa1-fbed0c72377d",
	"state": "",
	"metadata": {},
	"type": "TransformNode",
	"uniqueId": 961,
	"parentId": "ccc557e3-bae7-4ea7-a4a4-6e1da724305e",
	"localMatrix": {
		"0": 1,
		"1": 0,
		"2": 0,
		"3": 0,
		"4": 0,
		"5": 1,
		"6": 0,
		"7": 0,
		"8": 0,
		"9": 0,
		"10": 1,
		"11": 0,
		"12": 0,
		"13": 0,
		"14": 0,
		"15": 1
	},
	"isEnabled": true
}