{
	"tags": null,
	"position": [
		1.31064772605896,
		1.1387898921966553,
		0.8654423952102661
	],
	"rotation": [
		0,
		0,
		0
	],
	"rotationQuaternion": [
		0,
		0,
		0,
		1
	],
	"scaling": [
		0.001074030646122992,
		0.0023271224927157164,
		0.001074030646122992
	],
	"billboardMode": 0,
	"scalingDeterminant": 1,
	"infiniteDistance": false,
	"ignoreNonUniformScaling": false,
	"reIntegrateRotationIntoRotationQuaternion": false,
	"name": "Object_14",
	"id": "a82f3d06-4db5-4429-afd0-d7b29f1a9631",
	"state": "",
	"metadata": {},
	"type": "TransformNode",
	"uniqueId": 979,
	"parentId": "80aa2f00-a0cc-4b1b-a297-fc7a234f1239",
	"localMatrix": {
		"0": 1,
		"1": 0,
		"2": 0,
		"3": 0,
		"4": 0,
		"5": 1,
		"6": 0,
		"7": 0,
		"8": 0,
		"9": 0,
		"10": 1,
		"11": 0,
		"12": 0,
		"13": 0,
		"14": 0,
		"15": 1
	},
	"isEnabled": true
}