{
	"tags": null,
	"position": [
		0,
		0,
		0
	],
	"rotation": [
		0,
		0,
		0
	],
	"rotationQuaternion": [
		6.123235255542574e-17,
		1,
		6.123235255542574e-17,
		-1.9470718370939721e-7
	],
	"scaling": [
		1.0000000000000757,
		1,
		1.0000000000000757
	],
	"billboardMode": 0,
	"scalingDeterminant": 1,
	"infiniteDistance": false,
	"ignoreNonUniformScaling": false,
	"reIntegrateRotationIntoRotationQuaternion": false,
	"name": "Vikram.Foot.Pad.003",
	"id": "2fcc21bc-0dd6-4fec-9a5a-5711464a5945",
	"state": "",
	"metadata": {},
	"type": "TransformNode",
	"uniqueId": 635,
	"parentId": "8ec77214-f9e4-4165-a4b6-e4e79e99e53b",
	"localMatrix": {
		"0": 1,
		"1": 0,
		"2": 0,
		"3": 0,
		"4": 0,
		"5": 1,
		"6": 0,
		"7": 0,
		"8": 0,
		"9": 0,
		"10": 1,
		"11": 0,
		"12": 0,
		"13": 0,
		"14": 0,
		"15": 1
	},
	"isEnabled": true
}