{
	"tags": null,
	"position": [
		-0.3403109908103943,
		2.4366533756256104,
		0.37732359766960144
	],
	"rotation": [
		0,
		0,
		0
	],
	"rotationQuaternion": [
		5.057085819211686e-8,
		0.7839658695786172,
		-6.386207199451438e-8,
		0.6208039273321374
	],
	"scaling": [
		1.0000000006591554,
		1.000000000000013,
		1.0000000006591687
	],
	"billboardMode": 0,
	"scalingDeterminant": 1,
	"infiniteDistance": false,
	"ignoreNonUniformScaling": false,
	"reIntegrateRotationIntoRotationQuaternion": false,
	"name": "Vikram.BodyPart.ReactionWheels",
	"id": "31ba2626-8ad5-4774-b271-9bee24c0c2bf",
	"state": "",
	"metadata": {},
	"type": "TransformNode",
	"uniqueId": 614,
	"parentId": "8ec77214-f9e4-4165-a4b6-e4e79e99e53b",
	"localMatrix": {
		"0": 1,
		"1": 0,
		"2": 0,
		"3": 0,
		"4": 0,
		"5": 1,
		"6": 0,
		"7": 0,
		"8": 0,
		"9": 0,
		"10": 1,
		"11": 0,
		"12": 0,
		"13": 0,
		"14": 0,
		"15": 1
	},
	"isEnabled": true
}