{
	"tags": null,
	"position": [
		0.5468664169311523,
		2.1508336067199707,
		-1.1074519157409668
	],
	"rotation": [
		0,
		0,
		0
	],
	"rotationQuaternion": [
		0.16389147569444218,
		0.15404548664801726,
		0.025919835486120518,
		0.9740316937947463
	],
	"scaling": [
		1.0000000133236182,
		1.0000000075647812,
		1.000000003241667
	],
	"billboardMode": 0,
	"scalingDeterminant": 1,
	"infiniteDistance": false,
	"ignoreNonUniformScaling": false,
	"reIntegrateRotationIntoRotationQuaternion": false,
	"name": "Vikram.BodyPart.StarSensor",
	"id": "076db3e3-76b3-49ea-9cd2-c2d271cdcc17",
	"state": "",
	"metadata": {},
	"type": "TransformNode",
	"uniqueId": 596,
	"parentId": "8ec77214-f9e4-4165-a4b6-e4e79e99e53b",
	"localMatrix": {
		"0": 1,
		"1": 0,
		"2": 0,
		"3": 0,
		"4": 0,
		"5": 1,
		"6": 0,
		"7": 0,
		"8": 0,
		"9": 0,
		"10": 1,
		"11": 0,
		"12": 0,
		"13": 0,
		"14": 0,
		"15": 1
	},
	"isEnabled": true
}