{
	"tags": null,
	"position": [
		-0.2693634629249573,
		1.9000340700149536,
		1.0285513401031494
	],
	"rotation": [
		0,
		0,
		0
	],
	"rotationQuaternion": [
		0.37912122552918276,
		0,
		0,
		0.9253470130778624
	],
	"scaling": [
		1,
		0.9999999970182571,
		0.9999999970182571
	],
	"billboardMode": 0,
	"scalingDeterminant": 1,
	"infiniteDistance": false,
	"ignoreNonUniformScaling": false,
	"reIntegrateRotationIntoRotationQuaternion": false,
	"name": "Vikram.Body.Payload",
	"id": "03273d6d-d6bf-447b-956c-983189deb932",
	"state": "",
	"metadata": {},
	"type": "TransformNode",
	"uniqueId": 623,
	"parentId": "8ec77214-f9e4-4165-a4b6-e4e79e99e53b",
	"localMatrix": {
		"0": 1,
		"1": 0,
		"2": 0,
		"3": 0,
		"4": 0,
		"5": 1,
		"6": 0,
		"7": 0,
		"8": 0,
		"9": 0,
		"10": 1,
		"11": 0,
		"12": 0,
		"13": 0,
		"14": 0,
		"15": 1
	},
	"isEnabled": true
}