{
	"tags": null,
	"position": [
		-0.8310651183128357,
		1.6734950542449951,
		-1.3111531734466553
	],
	"rotation": [
		0,
		0,
		0
	],
	"rotationQuaternion": [
		-0.5697798581223571,
		-0.418749249035266,
		0.418749211380561,
		0.5697798474378513
	],
	"scaling": [
		0.9999999959323743,
		1.0000000000000016,
		0.9999999959323747
	],
	"billboardMode": 0,
	"scalingDeterminant": 1,
	"infiniteDistance": false,
	"ignoreNonUniformScaling": false,
	"reIntegrateRotationIntoRotationQuaternion": false,
	"name": "Vikram.SolarPanel.Right.Holder",
	"id": "f51def3d-e9fb-4947-b769-639c200cfbc3",
	"state": "",
	"metadata": {},
	"type": "TransformNode",
	"uniqueId": 620,
	"parentId": "8ec77214-f9e4-4165-a4b6-e4e79e99e53b",
	"localMatrix": {
		"0": 1,
		"1": 0,
		"2": 0,
		"3": 0,
		"4": 0,
		"5": 1,
		"6": 0,
		"7": 0,
		"8": 0,
		"9": 0,
		"10": 1,
		"11": 0,
		"12": 0,
		"13": 0,
		"14": 0,
		"15": 1
	},
	"isEnabled": true
}