{
	"materials": [],
	"meshes": [
		{
			"name": "root_Material_101_0",
			"id": "b62c2299-63ee-4eac-8ecc-aab83749d688",
			"uniqueId": 980,
			"type": "Mesh",
			"position": [
				0,
				0,
				0
			],
			"rotationQuaternion": [
				0,
				0,
				0,
				1
			],
			"scaling": [
				1,
				1,
				1
			],
			"localMatrix": {
				"0": 1,
				"1": 0,
				"2": 0,
				"3": 0,
				"4": 0,
				"5": 1,
				"6": 0,
				"7": 0,
				"8": 0,
				"9": 0,
				"10": 1,
				"11": 0,
				"12": 0,
				"13": 0,
				"14": 0,
				"15": 1
			},
			"isEnabled": true,
			"isVisible": true,
			"infiniteDistance": false,
			"pickable": true,
			"receiveShadows": false,
			"billboardMode": 0,
			"visibility": 1,
			"checkCollisions": false,
			"isBlocker": false,
			"overrideMaterialSideOrientation": 0,
			"parentId": "a82f3d06-4db5-4429-afd0-d7b29f1a9631",
			"isUnIndexed": false,
			"geometryId": "1fb32143-5e7d-41ec-a1fe-404b939c21b6",
			"subMeshes": null,
			"materialId": "49b51bff-f6a2-4f4d-909b-6cce33d62785",
			"metadata": {
				"basePoseMatrix": {
					"0": -931.0721435546875,
					"1": 0,
					"2": 0,
					"3": 0,
					"4": 0,
					"5": 429.7152404785156,
					"6": 0,
					"7": 0,
					"8": 0,
					"9": 0,
					"10": 931.0721435546875,
					"11": 0,
					"12": -1220.3076171875,
					"13": -489.3553771972656,
					"14": -805.789306640625,
					"15": 1
				},
				"originalSourceFile": {
					"id": "root_Material_101_0",
					"name": "root_Material_101_0",
					"sceneFileName": "SHIP/flag_of_india.glb"
				},
				"isPickable": false
			},
			"instances": [],
			"animations": [],
			"ranges": [],
			"layerMask": 268435455,
			"alphaIndex": 1.7976931348623157e+308,
			"hasVertexAlpha": false,
			"overlayAlpha": 0.3,
			"overlayColor": [
				1,
				0,
				0
			],
			"applyFog": true,
			"delayLoadingFile": "geometries/1fb32143-5e7d-41ec-a1fe-404b939c21b6.babylonbinarymeshdata",
			"boundingBoxMaximum": [
				30.445932388305664,
				347.64068603515625,
				30.445932388305664
			],
			"boundingBoxMinimum": [
				-30.445932388305664,
				-347.64068603515625,
				-30.4459285736084
			],
			"_binaryInfo": {
				"positionsAttrDesc": {
					"count": 972,
					"stride": 3,
					"offset": 0,
					"dataType": 1
				},
				"normalsAttrDesc": {
					"count": 972,
					"stride": 3,
					"offset": 3888,
					"dataType": 1
				},
				"uvsAttrDesc": {
					"count": 648,
					"stride": 2,
					"offset": 7776,
					"dataType": 1
				},
				"uvs2AttrDesc": {
					"count": 648,
					"stride": 2,
					"offset": 10368,
					"dataType": 1
				},
				"indicesAttrDesc": {
					"count": 960,
					"stride": 1,
					"offset": 12960,
					"dataType": 0
				},
				"subMeshesAttrDesc": {
					"count": 1,
					"stride": 5,
					"offset": 16800,
					"dataType": 0
				}
			},
			"positions": null,
			"normals": null,
			"uvs": null,
			"hasUVs": true,
			"uv2s": null,
			"hasUVs2": true,
			"indices": null
		}
	],
	"multiMaterials": [],
	"lods": []
}