{
	"materials": [],
	"meshes": [
		{
			"name": "root_Material_97_0",
			"id": "54f6a4bc-0855-4290-9a2a-6531d6753401",
			"uniqueId": 968,
			"type": "Mesh",
			"position": [
				0,
				0,
				0
			],
			"rotationQuaternion": [
				0,
				0,
				0,
				1
			],
			"scaling": [
				1,
				1,
				1
			],
			"localMatrix": {
				"0": 1,
				"1": 0,
				"2": 0,
				"3": 0,
				"4": 0,
				"5": 1,
				"6": 0,
				"7": 0,
				"8": 0,
				"9": 0,
				"10": 1,
				"11": 0,
				"12": 0,
				"13": 0,
				"14": 0,
				"15": 1
			},
			"isEnabled": true,
			"isVisible": true,
			"infiniteDistance": false,
			"pickable": true,
			"receiveShadows": false,
			"billboardMode": 0,
			"visibility": 1,
			"checkCollisions": false,
			"isBlocker": false,
			"overrideMaterialSideOrientation": 0,
			"parentId": "c7f96ecf-b5c5-45ae-872a-b5ce0bf16f82",
			"isUnIndexed": false,
			"geometryId": "cf8000a2-95c0-4743-82af-94eac2ae798d",
			"subMeshes": null,
			"materialId": "39fd461a-d188-4d7c-a0d2-eeac5d33c213",
			"metadata": {
				"basePoseMatrix": {
					"0": -999.9999389648438,
					"1": 0,
					"2": 0,
					"3": 0,
					"4": 0,
					"5": 999.9999389648438,
					"6": 0,
					"7": 0,
					"8": 0,
					"9": 0,
					"10": 999.9999389648438,
					"11": 0,
					"12": -1308.466064453125,
					"13": -276.7752685546875,
					"14": -863.4296875,
					"15": 1
				},
				"originalSourceFile": {
					"id": "root_Material_97_0",
					"name": "root_Material_97_0",
					"sceneFileName": "SHIP/flag_of_india.glb"
				},
				"isPickable": false
			},
			"instances": [],
			"animations": [],
			"ranges": [],
			"layerMask": 268435455,
			"alphaIndex": 1.7976931348623157e+308,
			"hasVertexAlpha": false,
			"overlayAlpha": 0.5,
			"overlayColor": [
				1,
				0,
				0
			],
			"applyFog": true,
			"delayLoadingFile": "geometries/cf8000a2-95c0-4743-82af-94eac2ae798d.babylonbinarymeshdata",
			"boundingBoxMaximum": [
				180.6777801513672,
				22.922618865966797,
				180.6777801513672
			],
			"boundingBoxMinimum": [
				-180.6777801513672,
				-22.922618865966797,
				-180.67776489257812
			],
			"_binaryInfo": {
				"positionsAttrDesc": {
					"count": 1032,
					"stride": 3,
					"offset": 0,
					"dataType": 1
				},
				"normalsAttrDesc": {
					"count": 1032,
					"stride": 3,
					"offset": 4128,
					"dataType": 1
				},
				"uvsAttrDesc": {
					"count": 688,
					"stride": 2,
					"offset": 8256,
					"dataType": 1
				},
				"uvs2AttrDesc": {
					"count": 688,
					"stride": 2,
					"offset": 11008,
					"dataType": 1
				},
				"indicesAttrDesc": {
					"count": 960,
					"stride": 1,
					"offset": 13760,
					"dataType": 0
				},
				"subMeshesAttrDesc": {
					"count": 1,
					"stride": 5,
					"offset": 17600,
					"dataType": 0
				}
			},
			"positions": null,
			"normals": null,
			"uvs": null,
			"hasUVs": true,
			"uv2s": null,
			"hasUVs2": true,
			"indices": null
		}
	],
	"multiMaterials": [],
	"lods": []
}