{
	"materials": [],
	"meshes": [
		{
			"name": "Vikram.Body.Payload_Vikram_0",
			"id": "0d30667d-b9a5-4d87-bc9c-ef1bfbe62eb0",
			"uniqueId": 624,
			"type": "Mesh",
			"position": [
				0,
				0,
				0
			],
			"rotationQuaternion": [
				0,
				0,
				0,
				1
			],
			"scaling": [
				1,
				1,
				1
			],
			"localMatrix": {
				"0": 1,
				"1": 0,
				"2": 0,
				"3": 0,
				"4": 0,
				"5": 1,
				"6": 0,
				"7": 0,
				"8": 0,
				"9": 0,
				"10": 1,
				"11": 0,
				"12": 0,
				"13": 0,
				"14": 0,
				"15": 1
			},
			"isEnabled": true,
			"isVisible": true,
			"infiniteDistance": false,
			"pickable": true,
			"receiveShadows": false,
			"billboardMode": 0,
			"visibility": 1,
			"checkCollisions": false,
			"isBlocker": false,
			"overrideMaterialSideOrientation": 0,
			"parentId": "03273d6d-d6bf-447b-956c-983189deb932",
			"isUnIndexed": false,
			"geometryId": "6eed4f90-896e-462e-8acb-7d77b1d03334",
			"subMeshes": null,
			"materialId": "a45d0db3-7ebc-49b5-9cf4-7645b7f43b02",
			"metadata": {
				"basePoseMatrix": {
					"0": -1,
					"1": 0,
					"2": 0,
					"3": 0,
					"4": 0,
					"5": 0.7125341892242432,
					"6": -0.7016373872756958,
					"7": 0,
					"8": 0,
					"9": 0.7016373872756958,
					"10": 0.7125341892242432,
					"11": 0,
					"12": 0.2693634629249573,
					"13": -2.0755093097686768,
					"14": 0.6002569198608398,
					"15": 1
				},
				"originalSourceFile": {
					"id": "Vikram.Body.Payload_Vikram_0",
					"name": "Vikram.Body.Payload_Vikram_0",
					"sceneFileName": "SHIP/isro_chandrayyan-3_mission_lander_module_vikram.glb"
				},
				"isPickable": false
			},
			"instances": [],
			"animations": [],
			"ranges": [],
			"layerMask": 268435455,
			"alphaIndex": 1.7976931348623157e+308,
			"hasVertexAlpha": false,
			"overlayAlpha": 0.3,
			"overlayColor": [
				1,
				0,
				0
			],
			"applyFog": true,
			"delayLoadingFile": "geometries/6eed4f90-896e-462e-8acb-7d77b1d03334.babylonbinarymeshdata",
			"boundingBoxMaximum": [
				0.12827807664871216,
				0.07917654514312744,
				0.12827807664871216
			],
			"boundingBoxMinimum": [
				-0.12827807664871216,
				-0.07917654514312744,
				-0.12827807664871216
			],
			"_binaryInfo": {
				"positionsAttrDesc": {
					"count": 72,
					"stride": 3,
					"offset": 0,
					"dataType": 1
				},
				"normalsAttrDesc": {
					"count": 72,
					"stride": 3,
					"offset": 288,
					"dataType": 1
				},
				"uvsAttrDesc": {
					"count": 48,
					"stride": 2,
					"offset": 576,
					"dataType": 1
				},
				"tangetsAttrDesc": {
					"count": 96,
					"stride": 3,
					"offset": 768,
					"dataType": 1
				},
				"indicesAttrDesc": {
					"count": 36,
					"stride": 1,
					"offset": 1152,
					"dataType": 0
				},
				"subMeshesAttrDesc": {
					"count": 1,
					"stride": 5,
					"offset": 1296,
					"dataType": 0
				}
			},
			"positions": null,
			"normals": null,
			"uvs": null,
			"hasUVs": true,
			"tangents": null,
			"indices": null
		}
	],
	"multiMaterials": [],
	"lods": []
}