{
	"materials": [],
	"meshes": [
		{
			"name": "Vikram.BodyPart.LHDAC_Vikram_0",
			"id": "13daf620-46e4-4a98-908d-47e9a1c5a66f",
			"uniqueId": 627,
			"type": "Mesh",
			"position": [
				0,
				0,
				0
			],
			"rotationQuaternion": [
				0,
				0,
				0,
				1
			],
			"scaling": [
				1,
				1,
				1
			],
			"localMatrix": {
				"0": 1,
				"1": 0,
				"2": 0,
				"3": 0,
				"4": 0,
				"5": 1,
				"6": 0,
				"7": 0,
				"8": 0,
				"9": 0,
				"10": 1,
				"11": 0,
				"12": 0,
				"13": 0,
				"14": 0,
				"15": 1
			},
			"isEnabled": true,
			"isVisible": true,
			"infiniteDistance": false,
			"pickable": true,
			"receiveShadows": false,
			"billboardMode": 0,
			"visibility": 1,
			"checkCollisions": false,
			"isBlocker": false,
			"overrideMaterialSideOrientation": 0,
			"parentId": "2190983e-a567-4dd1-b33f-aa5c69682d55",
			"isUnIndexed": false,
			"geometryId": "1749fa62-9a9d-4f33-8347-54a08ea9ff63",
			"subMeshes": null,
			"materialId": "a45d0db3-7ebc-49b5-9cf4-7645b7f43b02",
			"metadata": {
				"basePoseMatrix": {
					"0": 1,
					"1": -3.8941436741879443e-7,
					"2": 3.929237780953519e-14,
					"3": 0,
					"4": -9.892413087688248e-15,
					"5": 7.549793679118011e-8,
					"6": 1,
					"7": 0,
					"8": 3.8941436741879443e-7,
					"9": 1,
					"10": -7.549785863147918e-8,
					"11": 0,
					"12": -0.8841173648834229,
					"13": -1.0746052265167236,
					"14": -1.3137332201004028,
					"15": 1
				},
				"originalSourceFile": {
					"id": "Vikram.BodyPart.LHDAC_Vikram_0",
					"name": "Vikram.BodyPart.LHDAC_Vikram_0",
					"sceneFileName": "SHIP/isro_chandrayyan-3_mission_lander_module_vikram.glb"
				},
				"isPickable": false
			},
			"instances": [],
			"animations": [],
			"ranges": [],
			"layerMask": 268435455,
			"alphaIndex": 1.7976931348623157e+308,
			"hasVertexAlpha": false,
			"overlayAlpha": 0.3,
			"overlayColor": [
				1,
				0,
				0
			],
			"applyFog": true,
			"delayLoadingFile": "geometries/1749fa62-9a9d-4f33-8347-54a08ea9ff63.babylonbinarymeshdata",
			"boundingBoxMaximum": [
				0.0466313436627388,
				0.14229586720466614,
				0.3092488944530487
			],
			"boundingBoxMinimum": [
				-1.547658920288086,
				-2.3285183906555176,
				-0.08468735963106155
			],
			"_binaryInfo": {
				"positionsAttrDesc": {
					"count": 3132,
					"stride": 3,
					"offset": 0,
					"dataType": 1
				},
				"normalsAttrDesc": {
					"count": 3132,
					"stride": 3,
					"offset": 12528,
					"dataType": 1
				},
				"uvsAttrDesc": {
					"count": 2088,
					"stride": 2,
					"offset": 25056,
					"dataType": 1
				},
				"tangetsAttrDesc": {
					"count": 4176,
					"stride": 3,
					"offset": 33408,
					"dataType": 1
				},
				"indicesAttrDesc": {
					"count": 3591,
					"stride": 1,
					"offset": 50112,
					"dataType": 0
				},
				"subMeshesAttrDesc": {
					"count": 1,
					"stride": 5,
					"offset": 64476,
					"dataType": 0
				}
			},
			"positions": null,
			"normals": null,
			"uvs": null,
			"hasUVs": true,
			"tangents": null,
			"indices": null
		}
	],
	"multiMaterials": [],
	"lods": []
}