{
	"tags": "modified",
	"shadowFrustumSize": 0,
	"shadowOrthoScale": 0.1,
	"autoUpdateExtends": true,
	"autoCalcShadowZBounds": false,
	"orthoLeft": 1.7976931348623157e+308,
	"orthoRight": 5e-324,
	"orthoTop": 5e-324,
	"orthoBottom": 1.7976931348623157e+308,
	"diffuse": [
		1,
		1,
		1
	],
	"specular": [
		1,
		1,
		1
	],
	"falloffType": 0,
	"intensity": 2,
	"range": 1.7976931348623157e+308,
	"intensityMode": 0,
	"radius": 0.00001,
	"_renderPriority": 0,
	"shadowEnabled": true,
	"excludeWithLayerMask": 0,
	"includeOnlyWithLayerMask": 0,
	"lightmapMode": 0,
	"position": [
		-6.591922283172607,
		-302.7262878417969,
		267.4880065917969
	],
	"direction": [
		0.36746512861929104,
		-0.8990856891967405,
		-0.23793760259872748
	],
	"name": "sun",
	"id": "1ec7dcec-2a97-4bdc-9883-014f10a29bca",
	"state": "",
	"metadata": {
		"script": {
			"name": "None"
		},
		"_waitingParentId": null
	},
	"uniqueId": 105,
	"type": 1,
	"animations": [],
	"ranges": [],
	"isEnabled": true,
	"parentId": null
}